Catherine,Above
Ivana,Astar
Onna,Bay
Jill,Bean
Libby,Belle
Joan,Black
Robin,Blind
Bertha,Blues
Faye,Book
Claire,Boutique
Penny,Cade
Semi,Charity
Tulip,Cox
Anita,Day
Deniece,Denephew
Lois,Denominator
Madame,Divine
Barb,Doll
Amma,Dotcom
Nequelle,Dyme
Anita,Excuse
Rena,Failure
Flora,Fauna
Patty,Furniture
Pearl,Gates
Gena,Golden
Agnes,Gosh
Estee,Harder
Mona,Inbed
Cherrie,Jubilee
Bang,La
Zsa,Lahore
Clare,Luce
Bridgette,Madison
Purple,Majesty
Mary,Mart
Venus,Mile-High
Bessie,Mucho
Venus,Mylar
Karyn,Nation
Nora,Nephrine
Pollup,Nyne
Bankah,Orient
Mary,Quality
Ivana,Queen
Marina,Rey
Usta,Starr
Dolores,Taco
Pross,Toot
Snow,Trash
Ivanna,Vorce
Brazilia,Waxx
A.,Wewillgo
Shirley,Wood
Candie,Yams
Acida,Reflux
Alberta,Clipper
Alfa,Kennyone
Aman,Duh
Amanda,Chase
Amanda,Handlme
Amanda,Huginkiss
Amanda,Peon
Amanda,Playwith
Amanda,Reckonwith
Amber,Alert
Amber,Waves
Andrea,Dorea
Angie,O’Plasty
Anita,Bath
Anita,Bump
Anita,Cocktail
Anita,Fajina
Anita,Fixx
Anita,Greencard
Anita,Line
Anita,Mann
Anita,Pill
Ann,Thraxxx
Anna,Bortion
Anna,Rexia
Anna,Waywego
Annette,Curtain
Annie,Bellum
April,Showers
Augusta,Wind
Autumn,Clearance
Aunt,Arctic
Auntie,Christ
Auntie,Septic
Ayalla,Havetea
Bankah,DaWest
Bankah,Vamerica
Barb,Dwyer
Barbie,Sol
Barbra,Seville
Bea,FaCurtains
Bea,Hindbars
Bea,Reasonable
Bella,DaBall
Bertha,Venation
Bess,Twishes
Blanche,Debris
Blanche,Dividian
Blu,Velvet
Bo,Tocks
Brooke,Trout
Bryce,Pilaf
Candy,Wrapper
Carlotta,Stolengoods
Carlotta,Tendant
Carmen,Dioxide
Carrie,Oakey
Carrie,Onbag
Charity,Case
Chlamydia,Burns
Cherry,Poppins
Chenille,Stems
Chris,Coe
Christina,Dammit
Christina,Dragulera
Collette,Call
Connie,Chiwa
Connie,Lingus
Connie,Sewer
Constance,Craving
Cookie,Dough
Cookie,Platter
Cookie,Tray
Crème,Brulay
Crystal,DeCanter
DaManda,Refund
Dayne,Gleeballs
Dee,Flaytable
Della,Catessen
Della,Ware
Delois,Price
Delta,Badhand
Delta,Work
Demanda,Refund
Desani,Aquafina
Devoida,Class
Devoida,Morals
Devoida,Talent
Devoida,Taste
Di,Onacross
Diane,Allover
Didi,Tease
Dinah,Cancer
Dinah,Lone
Dinah,Ponme
Dinah,Thirst
Dolly,Liama
Donna,Frock
Donna,Matrix
Donna,Thedead
Dora,Jarr
Dot,Com
Drunkard,Channing
Dusty,Chotsky
Dusty,Haus
Edina,Date
Eileen,Dover
Ella,Vader
Ella,Vatour
Elle,Train
Emma,Grate
Emma,Roids
Emmy,Nimms
Esse,Calator
Eva,Destruction
Fantasia,Burrito
Farrah,Moans
Faye,King
Faye,Shull
Faye,Slift
Felicia,Jollygoodfellow
Fenna,Mint
Fleetah,Sailors
Formica,Dinette
Frayda,Cox
Frida,Peeples
Frieda,Fondle
Frieda,Love
Gail,Force
Garr,Goyles
Gay,Barr
Gay,Wright
Georgia,Rule
Ghonnor,Rita
Gina,Lotrimin
Gina,Talia
Gina,Te
Ginger,Snapp
Ginger,Vitus
Ginny,Tonic
Gloria,Hole
Halle,Tosis
Hannah,Barbera
Hedda,Lettuce
Helen,Bach
Helen,Bedd
Helen,Damnation
Helen,Heels
Helen,Wheels
Helena,Handbag
Helena,Handbasket
Helvetica,Bold
Hollee,Luja
Holly,Goheavily
Holly,Mackerel
Honey,Dijon
Hope,Chest
Hurricane,Summers
Ida,Claire
Ida,Slapter
Ima,Cook
Ima,Mann
Ima,Mess
Ima,Tucker
Imma,Fistewe
Imma,Hurtewe
Imma,Messola
Iona,Sextoy
Iona,Trailer
Iona,Trailerpark
Ivana,Cockatoo
Ivana,Drinkwater
Ivana,Kutchakockoff
Ivana,Jackov
Ivana,Mann
Jean,Pool
Jen,Derfuqq
Jenny,Talia
Jenny,Tonic
Juan,Condition
Juan,Nightstand
Judith,Priest
June,Bugg
Kara,Seen
Karen,Carpenteria
Katy,Didd
Kay,Puerca
Kaye,Sedia
Kaye,Wye
Keesha,Myas
Kitten,Kaboodle
Kitty,Litter
Knoxberry,Farm
Lacey,Corsett
Lana,Cane
LaTrina,Bidet
Laverne,Onions
Layona,Davenport
Leah,Tard
Leesa,Carr
Leigh,Way
Lena,Horney
Lilly,Pond
Lilly,White
Liz,Terrine
Lotta,Balls
Lourdes,Prayer
Madam,Ovary
Madison,Avenue
Mae,Ewe
Mae,Zola
Manuel,Hung
Marianne,Unfaithful
Marsha,Dimes
Marsha,Mellow
May,Aculpa
May,Flowers
Mia,Chinese
Mimi,Imfurst
Mimi,Mi
Ming,Vase
Minnie,Cooper
Minnie,Pause
Miranda,Rites
Miss,Charmin
Miss,Construe
Miss,Demeanor
Miss,Diagnosed
Miss,Inglink
Miss,Taken
Miss,Understood
Missy,Standstapee
Misty,Cologne
Misty,Meanor
Molly,Bolt
Mona,Lott
Mona,Stat
Mona,Stery
Nan,Tucket
Natalie,Attired
Nita,Shag
Orna,Mint
Pagan,Holiday
Paige,Turner
Patti,Melt
Patti,O’Dining
Peaches,Christ
Pearl,Diver
Peg,Legg
Penny,Costal
Penny,Tration
Phil,Aschio
Phyllis,Pino
Polly,Amorous
Polly,Esther
Polly,Gamy
Polly,Unsaturated
Poly,Gripp
Purina,Chow
Rachel,Tension
Rhea,Listik
Rhea,Range
Rhoda,Lott
Rhonda,Vu
Rita,Book
Robin,Cradles
Robyn,Banks
Rosemary,Chicken
Rosetta,Stoned
Rosie,Cheeks
Rosie,Future
Rosie,Palm
Rusty,Hinges
Sadie,Word
Sally,Mander
Sally,Vationarmy
Saltina,Cracker
Sara,Tonin
Seliphane,Rappa
Selma,Eggs
Serra,Bellum
Shanda,Lier
Sharon,Husbands
Sharon,Menn
Sharon,Needles
Sharon,Orifice
Sharon,Peters
Sheesa,Bellind
Sherry,Vinaigrette
Sofonda,Men
Solamente,Enlacama
Sophonda,Cox
Sophonda,Peters
Stella,Artois
Strawberry,Fields
Sucha,Delite
Sucka,Juweena
Sue,Nami
Sue,Yu
Summer,Clearance
Summer,Easy
Summer,Solstice
Suppositori,Spelling
Tajmah,Hall
Tallulah,Bunkbed
Tam,Pon
Tanya,Hyde
Tara,Dactyl
Tequila,Mockingbird
Tess,Tickle
Tess,Tosterone
Tish,Ue
Titi,Late
Toiletta,Paper
Trans,Phat
Trinah,Tee
Trixie,Delight
Tulita,Pepsi
Tuna,Turner
Ura,Hott
Uvula,Meter
Venus,Envy
Vera,Special
Verdi,Goh
Vinda,Loos
Virginia,Hamm
Virginia,Spam
Visa,Gold
Wanda,Barr
Wilda,Beest
Winnie,Baygo
Winter,Clearance
Yavonna,Jakov
Zoe,Keeper